rank,build,force,comm,integ,total
0,0.006655,0.013259,2.915895,0.000012,2.936022
1,0.004808,0.011884,2.677813,0.000009,2.694686
2,0.006989,0.013438,2.730490,0.000008,2.751111
3,0.004348,0.007285,2.692390,0.000010,2.704103
4,0.007910,0.015015,2.912927,0.000009,2.936037
5,0.004836,0.011056,2.678687,0.000009,2.694697
6,0.007232,0.013956,2.729725,0.000009,2.751107
7,0.004375,0.007582,2.692078,0.000010,2.704114
